id,name,subtype,extra_subtypes,onboarding,city,region,lat,lng,address,nearest_station,price_type,price_min_usd,deposit_usd,languages,duration_min,hours,closed_days,fix_targets,procedures,downtime_grade,downtime_days_max,needs_before,rating,review_count,active,missing_fields,url
11093,SOONSIKI Hair Hongdae Flagship | Seoul's Top-Rated Salon for International Guests,hair_salon,,CHANGE,Seoul,Hongdae,37.552268,126.922407,서울 마포구 와우산로21길 29 5F,"Sangsu (Line 6, 510m)",deposit,,24.3,en:listed;ko:listed,240,mon closed; tue closed; wed 10:00-19:00; thu 10:00-19:00; fri 10:00-19:00; sat 10:00-19:00; sun 10:00-19:00,mon;tue,,hair_cut_style:none:0-0d,none,0,,4.9,7942,True,price_min_usd,https://creatrip.com/en/spot/11093
11101,SOONSIKI Hair Hongdae MOMENT Branch | Seoul's Top-Rated Salon for International Guests,hair_salon,,CHANGE,Seoul,Hongdae,37.556489,126.924051,서울 마포구 양화로 164 8F,"Hongik Univ. (Line 2, 46m)",deposit,,24.3,en:mentioned;ko:listed,,mon closed; tue closed; wed 10:00-20:00; thu 10:00-20:00; fri 10:00-20:00; sat 10:00-20:00; sun 10:00-20:00,mon;tue,,hair_cut_style:none:0-0d,none,0,,4.9,4122,True,price_min_usd;duration_min,https://creatrip.com/en/spot/11101
11138,Time On Me Studio | Hongdae Photo Studio,photo_studio,,PHOTO,Seoul,Hongdae,37.555207,126.920077,서울 마포구 동교로 156-13 B1,"Hongik Univ. (Line 2, 358m)",paid,25.84,,en:listed;ko:listed;zh:listed,,mon 10:00-18:00; tue 10:00-18:00; wed 10:00-18:00; thu 10:00-18:00; fri 10:00-18:00; sat 10:00-17:00; sun closed,sun,face,photo:none:0-0d;makeup:none:0-0d;hair_cut_style:none:0-0d,none,0,dermatology;hair_salon;personal_color,4.9,436,True,duration_min,https://creatrip.com/en/spot/11138
11318,Choco Busy Nail,nail_art,,CHANGE,Busan,Haeundae,35.162601,129.164001,부산 해운대구 중동1로37번길 9,,paid,18.41,,en:listed;ja:listed;ko:listed;vi:listed,,mon 09:30-22:00; tue 09:30-22:00; wed 09:30-22:00; thu 09:30-22:00; fri 09:30-22:00; sat 09:30-22:00; sun 10:30-21:00,,face,nail:none:0-0d;lash_lift:none:0-1d;waxing:low:0-1d,low,1,,4.8,320,True,duration_min,https://creatrip.com/en/spot/11318
11352,Woori Dongnae Photo Studio Hongdae,photo_studio,,PHOTO,Seoul,Hongdae,37.556944,126.925259,서울 마포구 홍익로6길 74 3F,"Hongik Univ. (Line 2, 138m)",paid,25.77,,en:listed;ko:listed;zh:mentioned,60,mon 10:00-19:30; tue 10:00-19:30; wed 10:00-19:30; thu 10:00-19:30; fri 10:00-19:30; sat 10:00-19:30; sun 13:00-19:30,,face,photo:none:0-0d;makeup:none:0-0d,none,0,dermatology;hair_salon;personal_color,4.8,236,True,,https://creatrip.com/en/spot/11352
11460,Woori Dongnae Photo Studio Jongro,photo_studio,,PHOTO,Seoul,Jongro,37.569901,126.985001,서울 종로구 종로 70 5F,"Jonggak (Line 1, 169m)",paid,18.42,,en:listed;ko:listed,,mon 09:30-19:30; tue 09:30-19:30; wed 09:30-19:30; thu 09:30-19:30; fri 09:30-19:30; sat 10:00-19:00; sun closed,sun,,photo:none:0-0d,none,0,dermatology;hair_salon;personal_color,4.6,185,True,duration_min,https://creatrip.com/en/spot/11460
12899,Ohui & Whoo Spa Myeongdong,massage,,RESTORE,Seoul,Myeongdong,37.562019,126.985797,서울 중구 명동10길 41,"Euljiro 3(sam)-ga (Line 2, 398m)",paid,72.94,,en:listed;ja:listed,60,mon 10:00-22:00; tue 10:00-22:00; wed 10:00-22:00; thu 10:00-22:00; fri 10:00-22:00; sat 10:00-22:00; sun 10:00-22:00,,skin,soothing:none:0-0d;massage:none:0-0d;hair_cut_style:none:0-0d;nail:none:0-0d;body_scrub:none:0-0d,none,0,,4.6,163,True,,https://creatrip.com/en/spot/12899
12944,Immune Gongbang in Myeongdong,sauna,,RESTORE,Seoul,Myeongdong,37.559727,126.985441,서울 중구 퇴계로20길 2 B2,"Myeong-dong (Line 4, 290m)",paid,12.54,,en:listed;ja:listed;ko:listed,,mon 07:00-21:00; tue 07:00-21:00; wed 07:00-21:00; thu 07:00-21:00; fri 07:00-21:00; sat 07:00-21:00; sun 07:00-21:00,,,sauna:none:0-0d,none,0,,5.0,48,True,duration_min,https://creatrip.com/en/spot/12944
13071,S: Re Born Clinic | The Leading Lifting Clinic (Ultherapy Specialized Doctor),dermatology,,FIX,Seoul,Hongdae,37.55643,126.923872,서울 마포구 양화로 162 8F,"Hongik Univ. (Line 2, 41m)",free_reservation,,,en:listed;ko:listed;zh:listed,,"mon 10:30-14:00,15:00-20:30; tue 10:30-14:00,15:00-20:30; wed 10:30-14:00,15:00-20:30; thu 13:00-21:00; fri 10:30-14:00,15:00-20:30; sat 10:00-16:00; sun closed",sun,face;skin,skin_booster:low:1-3d;soothing:none:0-0d;filler:low:1-3d;botox:none:0-1d,low,3,,4.9,686,True,price_min_usd;duration_min,https://creatrip.com/en/spot/13071
13106,Oneulgwa Daleun Nail Hongdae,nail_art,,CHANGE,Seoul,Hongdae,37.556078,126.923449,서울 마포구 양화로 156 B1 107호,"Hongik Univ. (Line 2, 76m)",paid,7.36,,en:listed;ko:listed,,mon 11:30-21:00; tue 11:30-21:00; wed 11:30-21:00; thu 11:30-21:00; fri 11:30-21:00; sat 11:30-21:00; sun closed,sun,,nail:none:0-0d,none,0,,4.8,70,True,duration_min,https://creatrip.com/en/spot/13106
13165,[Special Event] HOSU DOSAN | Hair & Makeup & Studio,hair_salon,,CHANGE,Seoul,Apgujeong,37.521613,127.037692,서울 강남구 도산대로50길 13 4F,"Apgujeong rodeo (Suin·Bundang Line, 389m)",paid,19.13,,en:listed;ja:mentioned;ko:listed,120,mon closed; tue 07:30-19:00; wed 07:30-19:00; thu 07:30-19:00; fri 07:30-19:00; sat 07:30-19:00; sun 07:30-19:00,mon,face;skin,makeup:none:0-0d;hair_cut_style:none:0-0d;peel:none:0-1d;massage:none:0-0d;photo:none:0-0d;soothing:none:0-0d,none,1,,4.9,810,True,,https://creatrip.com/en/spot/13165
13214,Cheongdam Eclat De | 1:1 Premium Dermatology Clinic,dermatology,,FIX,Seoul,Gangnam,37.523054,127.042195,서울 강남구 도산대로 420 4F,"Apgujeong rodeo (Suin·Bundang Line, 503m)",free_reservation,103.09,,ar:mentioned;en:listed;ja:listed;ko:listed;zh:listed,,mon 10:00-19:00; tue 10:00-20:00; wed 10:00-19:00; thu 10:00-19:00; fri 10:00-20:00; sat 10:00-17:00; sun closed,sun,face;skin,hifu:none:0-1d;soothing:none:0-0d;rf_lifting:none:0-1d;skin_booster:low:1-3d;volume_booster:low:1-3d;laser_toning:none:0-1d;acne:low:0-2d;peel:none:0-1d;microneedle:low:2-4d,low,4,,4.9,259,True,duration_min,https://creatrip.com/en/spot/13214
13261,Sparex Dongdaemun | Korean Jjimjilbang(Sauna) in Dongdaemun,sauna,,RESTORE,Seoul,Dongdaemun,37.566802,127.007357,서울 중구 장춘단로 247 B3,"Dongdaemun History  Culture Park (Line 2, 296m)",paid,5.15,,en:listed;ko:listed;zh:mentioned,,mon 00:00-24:00; tue 00:00-24:00; wed 00:00-24:00; thu 00:00-24:00; fri 00:00-24:00; sat 00:00-24:00; sun 00:00-24:00,,,sauna:none:0-0d;body_scrub:none:0-0d,none,0,,4.2,1055,True,duration_min,https://creatrip.com/en/spot/13261
13315,English Personal Color Analysis & Styling | Color of You Hongdae,personal_color,,CHANGE,Seoul,Hongdae,37.55872,126.923344,서울 마포구 동교로 209 3F,"Hongik Univ. (Line 2, 221m)",paid,151.68,,en:listed;ja:listed;ko:listed;zh:listed,50,mon 11:00-21:00; tue 11:00-21:00; wed 11:00-21:00; thu 11:00-21:00; fri 11:00-21:00; sat 11:00-21:00; sun 11:00-21:00,,,personal_color:none:0-0d,none,0,,5.0,397,True,,https://creatrip.com/en/spot/13315
13319,Art de la Peau Massage Shop | Myeongdong,massage,,RESTORE,Seoul,Myeongdong,37.564519,126.983305,서울 중구 명동7가길 20 3F,"Euljiro 1(il)-ga (Line 2, 177m)",paid,64.8,,en:listed;ja:listed;ko:listed,60,mon 10:00-22:00; tue 10:00-22:00; wed 10:00-22:00; thu 10:00-22:00; fri 10:00-22:00; sat 10:00-22:00; sun 10:00-22:00,,face;skin,peel:none:0-1d;soothing:none:0-0d;massage:none:0-0d;laser_toning:none:0-1d;hifu:none:0-1d,none,1,,5.0,1788,True,,https://creatrip.com/en/spot/13319
13335,"Onlif Clinic | Lifting Specialty, Skin Procedures & Treatments",dermatology,,FIX,Seoul,Gangnam,37.498266,127.026836,서울 서초구 강남대로 399 2F,"Gangnam (Line 2, 71m)",deposit,,14.73,en:listed;ja:listed;ko:listed;th:listed;zh:listed,,mon 10:00-21:00; tue 10:00-21:00; wed 10:00-21:00; thu 10:00-21:00; fri 10:00-21:00; sat 09:30-17:00; sun 09:30-17:00,,face;skin,hifu:none:0-1d;rf_lifting:none:0-1d;skin_booster:low:1-3d;soothing:none:0-0d;fat_dissolve:low:1-3d;filler:low:1-3d;botox:none:0-1d;volume_booster:low:1-3d;laser_toning:none:0-1d;peel:none:0-1d,low,3,,4.9,1356,True,price_min_usd;duration_min,https://creatrip.com/en/spot/13335
13374,Hey Objet Nail Art | Hongdae Nail Salon,nail_art,,CHANGE,Seoul,Hongdae,37.555615,126.925623,서울 마포구 어울마당로 136-24 2F,"Hongik Univ. (Line 2, 642m)",paid,8.84,,en:listed;ja:listed;ko:listed;zh:listed,,mon 12:00-21:00; tue 12:00-21:00; wed 12:00-21:00; thu 12:00-21:00; fri 12:00-21:00; sat 12:00-21:00; sun 12:00-21:00,,,nail:none:0-0d,none,0,,4.8,51,True,duration_min,https://creatrip.com/en/spot/13374
13442,Moi Hair & Makeup | Make-up Consulting,makeup,,CHANGE,Seoul,Hongdae,37.558365,126.925126,서울 마포구 양화로 183 B1,"Hongik Univ. (Line 2, 222m)",paid,110.45,,en:listed;ja:listed;ko:listed;zh:listed,,mon 05:00-18:00; tue 05:00-18:00; wed 05:00-18:00; thu 05:00-18:00; fri 05:00-18:00; sat 05:00-18:00; sun 05:00-18:00,,face,makeup:none:0-0d,none,0,,4.3,41,True,duration_min,https://creatrip.com/en/spot/13442
13466,JUNO Hair Myeongdong Street Branch | Popular Foreigner-friendly Salon in Myeongdong,hair_salon,,CHANGE,Seoul,Myeongdong,37.562057,126.985872,서울 중구 명동10길 41 7F,"Myeong-dong (Line 4, 239m)",deposit,,99.69,en:listed;ja:listed;zh:listed,60,mon 10:00-21:00; tue 10:00-21:00; wed 10:00-21:00; thu 10:00-21:00; fri 10:00-21:00; sat 10:00-21:00; sun 10:00-21:00,,,hair_cut_style:none:0-0d,none,0,,5.0,14554,True,price_min_usd,https://creatrip.com/en/spot/13466
13484,Golden Sauna | Myeongdong,sauna,,RESTORE,Seoul,Myeongdong,37.561996,126.986554,서울 중구 명동8가길 27 B2,"Myeong-dong (Line 4, 184m)",paid,14.76,,en:mentioned;ko:mentioned;zh:mentioned,,mon 00:00-24:00; tue 00:00-24:00; wed 00:00-24:00; thu 00:00-24:00; fri 00:00-24:00; sat 00:00-24:00; sun 00:00-24:00,,,sauna:none:0-0d;body_scrub:none:0-0d,none,0,,3.9,114,True,duration_min,https://creatrip.com/en/spot/13484
13489,My Color Lab | Personal Color Consultation in Myeongdong,personal_color,,CHANGE,Seoul,Euljiro,37.567508,126.984275,서울 중구 남대문로10길 28 903호,"City Hall (Line 1, 638m)",paid,110.45,,en:listed;ko:listed,60,mon 11:00-19:00; tue 11:00-19:00; wed 11:00-19:00; thu 11:00-19:00; fri 11:00-19:00; sat closed; sun closed,sat;sun,face,makeup:none:0-0d;personal_color:none:0-0d,none,0,,5.0,43,True,,https://creatrip.com/en/spot/13489
13493,Pro Beauty | Myeongdong Nail Art,nail_art,,CHANGE,Seoul,Myeongdong,37.561763,126.985522,서울 중구 명동8가길 9 3F,"Myeong-dong (Line 4, 255m)",paid,11.04,,en:listed;ko:listed;zh:listed,30,mon 11:00-21:00; tue 11:00-21:00; wed 11:00-21:00; thu 11:00-21:00; fri 11:00-21:00; sat 11:00-21:00; sun 11:00-21:00,,face,nail:none:0-0d;hair_cut_style:none:0-0d;lash_lift:none:0-1d;waxing:low:0-1d,low,1,,4.9,3271,True,,https://creatrip.com/en/spot/13493
13512,Hongdae 24-Hour Bulgama Sauna,sauna,,RESTORE,Seoul,Hongdae,37.558873,126.927394,서울 서대문구 신촌로 1 B2,"Hongik Univ. (Line 2, 406m)",paid,8.1,,en:listed;ko:listed;zh:listed,,mon 00:00-24:00; tue 00:00-24:00; wed 00:00-24:00; thu 00:00-24:00; fri 00:00-24:00; sat 00:00-24:00; sun 00:00-24:00,,,sauna:none:0-0d,none,0,,3.8,191,True,duration_min,https://creatrip.com/en/spot/13512
13539,Asuca | Myeongdong Spa,massage,,RESTORE,Seoul,Myeongdong,37.559374,126.985943,서울 중구 퇴계로20길 19 3F,"Myeong-dong (Line 4, 278m)",paid,33.22,,en:mentioned;ja:listed;ko:listed;zh:mentioned,60,mon 10:00-22:00; tue 10:00-22:00; wed 10:00-22:00; thu 10:00-22:00; fri 10:00-22:00; sat 10:00-22:00; sun 10:00-22:00,,,massage:none:0-0d,none,0,,4.7,11,True,,https://creatrip.com/en/spot/13539
13558,Korean Celebrity & Influencer's Favorite Personal Color Analysis | Korea Fashion Psychology Institute Cheongdam,personal_color,,CHANGE,Seoul,Apgujeong,37.526798,127.040723,서울 강남구 선릉로 840 4F,"Apgujeong rodeo (Suin·Bundang Line, 67m)",paid,169.36,,en:listed;ko:listed;zh:listed,60,mon 10:00-19:00; tue 10:00-19:00; wed 10:00-19:00; thu 10:00-19:00; fri 10:00-19:00; sat 10:00-19:00; sun 10:00-19:00,,,personal_color:none:0-0d,none,0,,5.0,440,True,,https://creatrip.com/en/spot/13558
13573,Medicube Clinic Gangnam | Premium Skincare,dermatology,,FIX,Seoul,Gangnam,37.503481,127.024573,서울 서초구 강남대로 463 6F,"Sinnonhyeon (Line 9, 164m)",deposit,,14.73,en:listed;es:mentioned;ja:mentioned;ko:listed;zh:mentioned,,"mon 10:30-13:00,14:00-20:00; tue 10:30-13:00,14:00-19:00; wed 10:30-13:00,14:00-19:00; thu 10:30-13:00,14:00-20:00; fri 10:30-13:00,14:00-20:00; sat 10:30-16:00; sun closed",sun,,,,,,5.0,916,True,price_min_usd;duration_min;procedures,https://creatrip.com/en/spot/13573
13574,Soonsoo | Celebrity Hair & Makeup Salon in Cheongdam,makeup,hair_salon,CHANGE,Seoul,Gangnam,37.524098,127.043092,서울 강남구 도산대로61길 4,"Apgujeong rodeo (Suin·Bundang Line, 429m)",paid,48.74,,en:listed;ko:listed,120,mon 10:00-18:00; tue 10:00-18:00; wed 10:00-18:00; thu 10:00-18:00; fri 10:00-18:00; sat 10:00-18:00; sun 10:00-18:00,,face,makeup:none:0-0d;hair_cut_style:none:0-0d,none,0,,4.3,249,True,,https://creatrip.com/en/spot/13574
13632,Lee Kyungmin Foret Garden | Busan Hair Salon,makeup,hair_salon,CHANGE,Busan,Haeundae,35.163424,129.164554,부산 해운대구 중동2로 16 6F,,deposit,,29.54,en:listed;ko:listed;zh:mentioned,,mon 10:00-20:00; tue 10:00-20:00; wed 10:00-20:00; thu 10:00-20:00; fri 10:00-20:00; sat 10:00-20:00; sun 10:00-20:00,,face,hair_cut_style:none:0-0d;makeup:none:0-0d,none,0,,5.0,56,True,price_min_usd;duration_min,https://creatrip.com/en/spot/13632
13636,And Allis | Hongdae K-Beauty Makeup Shop,makeup,,CHANGE,Seoul,Hapjeong,37.548742,126.91781,서울 마포구 양화로6길 65 6F,"Hapjeong (Line 2, 377m)",paid,51.54,,en:listed;ko:listed,90,mon 08:00-19:00; tue closed; wed 08:00-19:00; thu 08:00-19:00; fri 08:00-19:00; sat 08:00-19:00; sun 08:00-19:00,tue,face,makeup:none:0-0d;personal_color:none:0-0d,none,0,,4.7,98,True,,https://creatrip.com/en/spot/13636
13645,The Bom | Myeongdong Personal Color Analysis,personal_color,,CHANGE,Seoul,Myeongdong,37.560359,126.985876,서울 중구 퇴계로18길 7 107호,"Myeong-dong (Line 4, 272m)",paid,58.29,,en:listed;ja:listed;ko:listed;zh:listed,30,mon 11:00-19:00; tue 11:00-19:00; wed 11:00-19:00; thu 11:00-19:00; fri 11:00-19:00; sat 11:00-19:00; sun 11:00-19:00,,face;skin,soothing:none:0-0d;makeup:none:0-0d;personal_color:none:0-0d,none,0,,4.9,166,True,,https://creatrip.com/en/spot/13645
13648,"K-Beauty Reservation Service | Hair, Makeup, Nails, and more!",makeup,hair_salon,CHANGE,Seoul,,37.505626,127.024375,,"Sinnonhyeon (Line 9, 127m)",paid,14.73,,en:mentioned,,mon 00:00-23:59; tue 00:00-23:59; wed 00:00-23:59; thu 00:00-23:59; fri 00:00-23:59; sat 00:00-23:59; sun 00:00-23:59,,face,makeup:none:0-0d,none,0,,4.8,5,True,region;duration_min,https://creatrip.com/en/spot/13648
13654,Modelro Studio | Hongdae Photo Studio with Hair & Makeup Styling,photo_studio,,PHOTO,Seoul,Hongdae,37.556585,126.924931,서울 마포구 양화로18길 15 3F,"Hongik Univ. (Line 2, 115m)",paid,25.77,,en:listed;ja:listed;ko:listed;zh:mentioned,,mon 10:00-20:00; tue 10:00-20:00; wed 10:00-20:00; thu 10:00-20:00; fri 10:00-20:00; sat 10:00-20:00; sun 10:00-20:00,,,photo:none:0-0d,none,0,dermatology;hair_salon;personal_color,4.9,1425,True,duration_min,https://creatrip.com/en/spot/13654
13657,Liim Studio | Eyebrow Microblading in Seoul,permanent_makeup,,CHANGE,Seoul,Gangseo,37.53203,126.862338,서울 강서구 곰달래로 264 3F,"Mok-dong (Line 5, 683m)",paid,25.84,,en:listed;ja:listed;ko:listed,90,mon 11:00-23:00; tue 11:00-23:00; wed 11:00-23:00; thu 11:00-23:00; fri 11:00-23:00; sat 11:00-23:00; sun 11:00-23:00,,face,brow_tattoo:high:5-7d;makeup:none:0-0d;hair_cut_style:none:0-0d,high,7,,4.9,33,True,,https://creatrip.com/en/spot/13657
13767,Moclock Gangnam Main Branch | Celebrity-Favorite Premium Head Spa,massage,hair_salon,RESTORE,Seoul,Gangnam,37.508722,127.023249,서울 강남구 강남대로 520 2F,"Nonhyeon (Line 7, 312m)",deposit,,72.16,en:listed;ko:listed,,mon 10:30-21:00; tue 10:30-21:00; wed 10:30-21:00; thu 10:30-21:00; fri 10:30-21:00; sat 10:00-18:00; sun closed,sun,skin,hair_cut_style:none:0-0d;soothing:none:0-0d;massage:none:0-0d,none,0,,4.9,179,True,price_min_usd;duration_min,https://creatrip.com/en/spot/13767
13772,The Day's Hair | English-friendly Hair Salon in Hongdae,hair_salon,,CHANGE,Seoul,Hongdae,37.553806,126.921573,서울 마포구 홍익로5안길 20 2F,"Hongik Univ. (Line 2, 375m)",deposit,,24.3,en:listed;ko:listed,,mon 10:00-22:00; tue 10:00-22:00; wed 10:00-22:00; thu 10:00-22:00; fri 10:00-22:00; sat 10:00-22:00; sun 10:00-22:00,,,hair_cut_style:none:0-0d,none,0,,4.9,1737,True,price_min_usd;duration_min,https://creatrip.com/en/spot/13772
13789,HAUT BEAUTE,hair_salon,makeup,CHANGE,Seoul,Gangnam,37.519872,127.049049,서울 강남구 삼성로133길 4 2F,"Cheongdam (Line 7, 262m)",deposit,,27.98,en:listed;ja:listed;ko:listed,,mon 10:00-19:30; tue 10:00-19:30; wed 10:00-19:30; thu 10:00-19:30; fri 10:00-19:30; sat 10:00-19:30; sun 10:00-19:30,,face,hair_cut_style:none:0-0d;makeup:none:0-0d;lash_lift:none:0-1d;photo:none:0-0d,none,1,,4.8,87,True,price_min_usd;duration_min,https://creatrip.com/en/spot/13789
13806,🎖️ Creatrip Only - Sihyunhada Photo Studio | Seongsu Flagship Store,photo_studio,,PHOTO,Seoul,Seongsudong,37.547727,127.05831,서울시 성동구 성수동2가 277-9,"Seongsu (Line 2, 401m)",paid,40.61,,en:mentioned;ko:listed,60,mon 10:30-18:00; tue 10:30-18:00; wed 10:30-18:00; thu 10:30-18:00; fri 10:30-18:00; sat 10:30-18:00; sun 10:30-18:00,,,photo:none:0-0d,none,0,dermatology;hair_salon;personal_color,4.8,90,True,,https://creatrip.com/en/spot/13806
13814,Jenny House | Celebrity Hair & Makeup Studio in Cheongdam,makeup,hair_salon,CHANGE,Seoul,Gangnam,37.521338,127.044263,서울 강남구 선릉로146길 56 ,"Gangnam-gu Office (Line 7, 534m)",paid,81.0,,en:listed;ja:mentioned;ko:listed;zh:listed,60,mon 09:00-18:30; tue 09:00-18:30; wed 09:00-18:30; thu 09:00-18:30; fri 09:00-18:30; sat 09:00-18:30; sun 09:00-18:30,,face;skin,hair_cut_style:none:0-0d;peel:none:0-1d;massage:none:0-0d;makeup:none:0-0d;soothing:none:0-0d;nail:none:0-0d,none,1,,4.5,283,True,,https://creatrip.com/en/spot/13814
13918,🎖️ Creatrip Only - Sihyunhada Photo Studio | Hongdae Space,photo_studio,,PHOTO,Seoul,Hongdae,37.546806,126.914519,서울 마포구 독막로2길 37,"Hapjeong (Line 2, 262m)",paid,40.58,,en:mentioned;ko:listed,60,mon 10:30-18:00; tue 10:30-18:00; wed 10:30-18:00; thu 10:30-18:00; fri 10:30-18:00; sat 10:30-18:00; sun 10:30-18:00,,,photo:none:0-0d;hair_cut_style:none:0-0d,none,0,dermatology;hair_salon;personal_color,4.8,338,True,,https://creatrip.com/en/spot/13918
13940,ONYAD HAIR | Personalized Hair Consultation & Styling in Seoul,hair_salon,,CHANGE,Seoul,Seongsudong,37.543217,127.044977,서울 성동구 왕십리로 66-10 2F,"Seoul-forest (Suin·Bundang Line, 54m)",deposit,,33.23,en:listed;ko:listed,120,mon 11:00-20:00; tue closed; wed 11:00-20:00; thu 11:00-20:00; fri 11:00-20:00; sat 11:00-20:00; sun 11:00-20:00,tue,,hair_cut_style:none:0-0d,none,0,,4.8,344,True,price_min_usd,https://creatrip.com/en/spot/13940
13957,GREEN Scalp & Hair Loss care center | 25 years practice of Hair Loss&Scalp,massage,hair_salon,RESTORE,Seoul,Myeongdong,37.560914,126.983818,서울 중구 퇴계로 109 11F 1102호,"Myeong-dong (Line 4, 393m)",paid,72.16,,en:listed;ko:listed,90,mon 11:00-19:00; tue 11:00-19:00; wed 11:00-19:00; thu 11:00-19:00; fri 11:00-19:00; sat 10:00-18:00; sun closed,sun,,hair_cut_style:none:0-0d,none,0,,5.0,45,True,,https://creatrip.com/en/spot/13957
14147,Semi-Permanent Makeup Procedures in Myeongdong | Bling Bling Beauty,permanent_makeup,,CHANGE,Seoul,Myeongdong,37.561154,126.985848,서울 중구 퇴계로 127 4F,,paid,51.67,,en:listed;ja:listed;ko:listed;zh:listed,90,mon 09:00-20:00; tue 09:00-20:00; wed 09:00-20:00; thu 09:00-20:00; fri 09:00-20:00; sat 09:00-20:00; sun 09:00-20:00,,,brow_tattoo:high:5-7d;eyeliner_tattoo:low:2-4d;lip_tattoo:high:5-7d,high,7,,5.0,220,True,,https://creatrip.com/en/spot/14147
14157,NAIL BOX | Hongdae Nail Salon,nail_art,,CHANGE,Seoul,Hongdae,37.5486,126.918545,서울 마포구 양화로6길 77,"Sangsu (Line 6, 398m)",paid,22.09,,en:listed;ko:listed,90,mon 11:00-21:00; tue 11:00-21:00; wed 11:00-21:00; thu 11:00-21:00; fri 11:00-21:00; sat 11:00-21:00; sun closed,sun,,nail:none:0-0d,none,0,,5.0,236,True,,https://creatrip.com/en/spot/14157
14188,✨Creatrip Only✨ Dreamy-concept photoshoot in Jongno | Studio Fiene,photo_studio,,PHOTO,Seoul,Jongro,37.569946,126.985465,서울시 종로구 종로 72-1 5F,"Jonggak (Line 1, 209m)",paid,43.44,,en:listed;ko:listed,90,mon 14:00-20:30; tue 14:00-20:30; wed 14:00-20:30; thu 14:00-20:30; fri 14:00-20:30; sat 11:30-20:30; sun 11:30-20:30,,,photo:none:0-0d,none,0,dermatology;hair_salon;personal_color,5.0,21,True,,https://creatrip.com/en/spot/14188
14246,K-Beauty Style Profile Photos in Sinsa | OCTOBEE STUDIO,photo_studio,,PHOTO,Seoul,Sinsa,37.519278,127.021526,서울 강남구 강남대로156길 31-8 B1,"Sinsa (Line 3, 335m)",paid,213.54,,en:listed;ja:listed;ko:listed,60,mon 09:00-23:59; tue 09:00-23:59; wed 09:00-23:59; thu 09:00-23:59; fri 09:00-23:59; sat 09:00-23:59; sun 09:00-23:59,,,photo:none:0-0d,none,0,dermatology;hair_salon;personal_color,5.0,989,True,,https://creatrip.com/en/spot/14246
14272,Shinsegae Centum City Spaland 4-hour Discount Pass | Busan,sauna,,RESTORE,Busan,Haeundae,35.168638,129.129078,부산 해운대구 센텀남대로 35,,paid,17.83,,en:listed;ko:listed,,mon 09:00-22:00; tue 09:00-22:00; wed 09:00-22:00; thu 09:00-22:00; fri 09:00-22:00; sat 09:00-22:00; sun 09:00-22:00,,,sauna:none:0-0d,none,0,,4.5,3748,True,duration_min,https://creatrip.com/en/spot/14272
14275,Project U Hongdae – Expert Fillers & Rejuran Skin Clinic,dermatology,,FIX,Seoul,Hongdae,37.556428,126.923874,서울 마포구 양화로 162 6F,"Hongik Univ. (Line 2, 41m)",free_reservation,13.99,,en:listed;ja:listed;ko:listed;zh:listed,15,mon 10:30-20:30; tue 10:30-20:30; wed 10:30-20:30; thu 10:30-20:30; fri 10:30-20:30; sat 10:00-17:00; sun 10:00-17:00,,face;skin,rf_lifting:none:0-1d;botox:none:0-1d;skin_booster:low:1-3d;hifu:none:0-1d;laser_toning:none:0-1d;acne:low:0-2d;soothing:none:0-0d;peel:none:0-1d;fat_dissolve:low:1-3d;filler:low:1-3d;volume_booster:low:1-3d;waxing:low:0-1d,low,3,,5.0,419,True,,https://creatrip.com/en/spot/14275
14276,LEEKAJA HAIR Myeongdong | English-Speaking Hair Salon in Seoul,hair_salon,,CHANGE,Seoul,Myeongdong,37.561583,126.986223,서울 중구 명동8가길 22 3F,"Myeong-dong (Line 4, 190m)",deposit,,64.98,en:listed;ko:listed;zh:listed,,mon 10:00-20:00; tue 10:00-20:30; wed 10:00-20:30; thu 10:00-20:30; fri 10:00-20:30; sat 10:00-20:30; sun 10:00-20:30,,skin,hair_cut_style:none:0-0d;massage:none:0-0d;laser_toning:none:0-1d,none,1,,4.9,830,True,price_min_usd;duration_min,https://creatrip.com/en/spot/14276
14282,Nails & Eyelash Perm in Hongdae | Nail Kimlee,nail_art,,CHANGE,Seoul,Hongdae,37.551942,126.920092,서울 마포구 잔다리로 30-32 B2,"Sangsu (Line 6, 533m)",paid,16.2,,en:listed;ko:listed;zh:listed,55,mon 11:00-21:00; tue 11:00-21:00; wed 11:00-21:00; thu 11:00-21:00; fri 11:00-21:00; sat 11:00-21:00; sun 11:00-21:00,,face,hair_cut_style:none:0-0d;lash_lift:none:0-1d,none,1,,5.0,41,True,,https://creatrip.com/en/spot/14282
14385,by.B makeup | Hongdae Makeup Shop,makeup,,CHANGE,Seoul,Hongdae,37.556019,126.923381,서울 마포구 양화로 156 B1,"Hongik Univ. (Line 2, 84m)",paid,69.95,,en:listed;ja:listed;ko:listed,,mon 06:00-17:00; tue 06:00-17:00; wed 06:00-17:00; thu 06:00-17:00; fri 06:00-17:00; sat 06:00-17:00; sun 06:00-17:00,,face,hair_cut_style:none:0-0d;makeup:none:0-0d,none,0,,5.0,397,True,duration_min,https://creatrip.com/en/spot/14385
14426,"#CCONTE Seogyo Branch | English-Speaking Hair Color Specialist | Bleach, Dye & Balayage",hair_salon,,CHANGE,Seoul,Hongdae,37.553787,126.921066,서울 마포구 홍익로5길 25,"Hongik Univ. (Line 2, 400m)",deposit,,25.84,en:listed;ko:listed,,mon 11:00-20:00; tue 11:00-20:00; wed 11:00-20:00; thu 11:00-20:00; fri 11:00-20:00; sat 11:00-20:00; sun 11:00-20:00,,,hair_cut_style:none:0-0d,none,0,,4.9,2329,True,price_min_usd;duration_min,https://creatrip.com/en/spot/14426
14481,Korean Jjimjilbang (Sauna) | Sparex Dongmyo Branch,sauna,,RESTORE,Seoul,Dongdaemun,37.571775,127.015268,서울 종로구 지봉로 19 13F,"Dongmyo (Line 6, Nonem)",paid,7.36,,en:listed;ko:listed,,mon 00:00-24:00; tue 00:00-24:00; wed 00:00-24:00; thu 00:00-24:00; fri 00:00-24:00; sat 00:00-24:00; sun 00:00-24:00,,,sauna:none:0-0d;body_scrub:none:0-0d,none,0,,4.3,762,True,duration_min,https://creatrip.com/en/spot/14481
14511,[Special Offer 🎉] Marksbrow Myeongdong | Semi-Permanent Makeup in Seoul,permanent_makeup,,CHANGE,Seoul,Myeongdong,37.559257,126.985966,서울특별시 중구 남산동2가 15-11 4F,"Euljiro 1(il)-ga (Line 2, 206m)",paid,66.41,,en:listed;ja:listed;ko:listed,30,mon 09:30-21:00; tue 09:30-21:00; wed 09:30-21:00; thu 09:30-21:00; fri 09:30-21:00; sat 09:30-21:00; sun 09:30-21:00,,,brow_tattoo:high:5-7d;eyeliner_tattoo:low:2-4d;lip_tattoo:high:5-7d,high,7,,5.0,258,True,,https://creatrip.com/en/spot/14511
14557,Studio Cosmos | Photo Studio with Makeup & Hair Styling Services,photo_studio,,PHOTO,Seoul,Gangnam,37.491104,127.011752,서울 서초구 반포대로28길 56-9 B1,"Seoul Nat`l Univ. of Education (Line 2, 283m)",paid,181.95,,en:listed,60,mon 10:00-20:00; tue 10:00-20:00; wed 10:00-20:00; thu 10:00-20:00; fri 10:00-20:00; sat 10:00-20:00; sun 10:00-20:00,,face,makeup:none:0-0d;photo:none:0-0d,none,0,dermatology;hair_salon;personal_color,5.0,37,True,,https://creatrip.com/en/spot/14557
14592,"Abijou Clinic Global Myeongdong: 20 Years of Trust, Foreigner-Friendly",dermatology,,FIX,Seoul,Myeongdong,37.564185,126.983005,서울 중구 남대문로 78 B1,"Euljiro 1(il)-ga (Line 2, 159m)",deposit,,7.37,de:mentioned;en:listed;es:mentioned;fr:mentioned;ja:listed;ko:listed;mn:mentioned;th:listed;vi:listed;zh:listed,,mon 09:30-20:30; tue 09:30-20:30; wed 09:30-20:30; thu 09:30-20:30; fri 09:30-20:30; sat 09:30-18:00; sun 09:30-16:30,,face;skin,botox:none:0-1d;filler:low:1-3d;hifu:none:0-1d;rf_lifting:none:0-1d;thread_lift:high:3-7d;volume_booster:low:1-3d;fat_dissolve:low:1-3d;skin_booster:low:1-3d;laser_toning:none:0-1d;ablative_laser:high:5-7d;acne:low:0-2d;peel:none:0-1d;soothing:none:0-0d;waxing:low:0-1d;massage:none:0-0d,high,7,,4.9,4463,True,price_min_usd;duration_min,https://creatrip.com/en/spot/14592
14593,"Abijou Clinic Global Gangnam - 20 Years of Trust, Foreigner-Friendly",dermatology,,FIX,Seoul,Gangnam,37.498468,127.02511,서울 서초구 서초대로73길 11,"Gangnam (Line 2, 136m)",deposit,,7.38,de:mentioned;en:listed;ja:listed;ko:listed;mn:mentioned;th:listed;vi:listed;zh:listed,,"mon 10:00-14:00,15:00-20:00; tue 10:00-14:00,15:00-20:00; wed 10:00-14:00,15:00-20:00; thu 10:00-14:00,15:00-20:00; fri 10:00-14:00,15:00-20:00; sat 10:00-16:30; sun closed",sun,face;skin,botox:none:0-1d;filler:low:1-3d;hifu:none:0-1d;rf_lifting:none:0-1d;thread_lift:high:3-7d;volume_booster:low:1-3d;fat_dissolve:low:1-3d;skin_booster:low:1-3d;laser_toning:none:0-1d;ablative_laser:high:5-7d;acne:low:0-2d;peel:none:0-1d;soothing:none:0-0d;massage:none:0-0d,high,7,,4.9,1669,True,price_min_usd;duration_min,https://creatrip.com/en/spot/14593
14683,Krasny nail,nail_art,,CHANGE,Seoul,Gangnam,37.503305,127.048468,서울 강남구 선릉로89길 11 ,"Seolleung (Line 2, 109m)",paid,25.77,,en:listed;ja:listed;ko:listed;zh:listed,70,mon 11:00-21:00; tue 11:00-21:00; wed 11:00-21:00; thu 11:00-21:00; fri 11:00-21:00; sat 11:00-18:00; sun closed,sun,,nail:none:0-0d,none,0,,4.5,15,True,,https://creatrip.com/en/spot/14683
14686,Women-only Private Bath & Body Scrub | DANPOONG Hanok Branch,body_scrub,,RESTORE,Seoul,Seongbuk,37.594887,127.018171,서울 성북구 동소문로25길 13 1F,"Sungshin Women`s Univ. (Line 4, 245m)",paid,36.92,,en:listed;ja:listed;ko:listed,,mon 06:30-22:00; tue 06:30-22:00; wed 06:30-22:00; thu 06:30-22:00; fri 06:30-22:00; sat 06:30-22:00; sun 06:30-22:00,,,body_scrub:none:0-0d,none,0,,5.0,20,True,duration_min,https://creatrip.com/en/spot/14686
14687,Women-only Private Bath & Body Scrub | DANPOONG Main Branch,body_scrub,,RESTORE,Seoul,Seongbuk,37.587157,127.023599,서울 성북구 고려대로13길 10-3,"Bomun (Line 6, 426m)",paid,36.92,,en:listed;ja:listed;ko:listed;zh:listed,,mon 06:30-22:00; tue 06:30-22:00; wed 06:30-22:00; thu 06:30-22:00; fri 06:30-22:00; sat 06:30-22:00; sun 06:30-22:00,,,body_scrub:none:0-0d,none,0,,4.9,29,True,duration_min,https://creatrip.com/en/spot/14687
14739,Jenny Pilates,yoga_wellness,,RESTORE,Seoul,Mapo,37.548336,126.918392,서울 마포구 양화로6길 78 2F(합정동),"Sangsu (Line 6, 405m)",paid,35.42,,en:listed;ko:listed,,mon 09:00-22:00; tue 09:00-22:00; wed 09:00-22:00; thu 09:00-22:00; fri 09:00-22:00; sat 09:00-22:00; sun closed,sun,,yoga_wellness:none:0-0d,none,0,,4.9,45,True,duration_min,https://creatrip.com/en/spot/14739
14744,Seian Yeonnam | Women-only Private Bath & Body Scrub,body_scrub,,RESTORE,Seoul,Hongdae,37.563179,126.922242,서울 마포구 동교로29길 64 2F,"Hongik Univ. (Line 2, 726m)",paid,36.9,,en:listed;ja:listed;ko:listed,,mon 07:00-22:00; tue 07:00-22:00; wed 07:00-22:00; thu 07:00-22:00; fri 07:00-22:00; sat 07:00-22:00; sun 07:00-22:00,,,body_scrub:none:0-0d,none,0,,4.9,347,True,duration_min,https://creatrip.com/en/spot/14744
14746,DENIZ PILATES,yoga_wellness,,RESTORE,Seoul,Gangnam,37.50605,127.025339,서울 강남구 강남대로114길 13 3F,"Sinnonhyeon (Line 9, 138m)",paid,51.69,,en:listed;ko:listed,50,mon 08:00-23:00; tue 08:00-23:00; wed 08:00-23:00; thu 08:00-23:00; fri 08:00-23:00; sat 08:00-15:00; sun closed,sun,,yoga_wellness:none:0-0d,none,0,,5.0,12,True,,https://creatrip.com/en/spot/14746
14797,Spa Bidan | Women-only Private Bath & Body Scrub,body_scrub,,RESTORE,Seoul,Gangseo,37.549583,126.848297,서울 강서구 화곡로44가길 39 B1F,"Hwagok (Line 5, 1100m)",paid,36.82,,en:listed;ja:listed;ko:listed,,mon 07:00-23:59; tue 07:00-23:59; wed 07:00-23:59; thu 07:00-23:59; fri 07:00-23:59; sat 07:00-23:59; sun 07:00-23:59,,,body_scrub:none:0-0d,none,0,,5.0,473,True,duration_min,https://creatrip.com/en/spot/14797
14805,Spa Heum | Women-only Private Bath & Body Scrub,body_scrub,,RESTORE,Seoul,Gangnam,37.495295,127.045736,서울 강남구 언주로 311 로즈1타워 B1,"Hanti (Suin·Bundang Line, 639m)",paid,36.9,,en:listed;ja:listed;ko:listed,,mon 08:00-23:59; tue 08:00-23:59; wed 08:00-23:59; thu 08:00-23:59; fri 08:00-23:59; sat 08:00-23:59; sun 08:00-23:59,,,body_scrub:none:0-0d,none,0,,4.7,54,True,duration_min,https://creatrip.com/en/spot/14805
14814,SEIAN Donggyo | Women-only Private Bath & Body Scrub,body_scrub,,RESTORE,Seoul,Hongdae,37.557939,126.922657,서울 마포구 동교로 197 2F,"Hongik Univ. (Line 2, 158m)",paid,36.84,,en:listed;ja:listed;ko:listed,,mon 07:00-23:30; tue 07:00-23:30; wed 07:00-23:30; thu 07:00-23:30; fri 07:00-23:30; sat 07:00-23:30; sun 07:00-23:30,,,body_scrub:none:0-0d,none,0,,4.9,304,True,duration_min,https://creatrip.com/en/spot/14814
14817,EAGLE PILATES,yoga_wellness,,RESTORE,Seoul,Myeongdong,37.561781,126.988215,서울 중구 명동8가길 58,"Myeong-dong (Line 4, 81m)",paid,88.61,,en:listed;ko:listed,60,mon 07:00-22:00; tue 07:00-22:00; wed 07:00-22:00; thu 07:00-22:00; fri 07:00-22:00; sat 09:00-17:00; sun closed,sun,,photo:none:0-0d;yoga_wellness:none:0-0d,none,0,,4.8,9,True,,https://creatrip.com/en/spot/14817
14819,Beauty Blossom Clinic | Affordable Clinic for a More Youthful Look,dermatology,,FIX,Seoul,Hongdae,37.550604,126.916077,서울 마포구 양화로 66,"Hapjeong (Line 2, 10m)",free_reservation,24.23,,en:listed;ja:listed;ko:listed;zh:listed,10,mon 10:00-20:00; tue 10:00-20:00; wed 10:00-20:00; thu 10:00-20:00; fri 10:00-20:00; sat 10:00-16:30; sun 10:00-16:30,,face;skin,rf_lifting:none:0-1d;laser_toning:none:0-1d;botox:none:0-1d;soothing:none:0-0d;filler:low:1-3d;skin_booster:low:1-3d;hifu:none:0-1d;volume_booster:low:1-3d;microneedle:low:2-4d;acne:low:0-2d,low,4,,5.0,1251,True,,https://creatrip.com/en/spot/14819
14822,Brow Doll | Semi-Permanent Makeup,permanent_makeup,,CHANGE,Seoul,Gangnam,37.51405,127.031988,서울 강남구 학동로 208 2F,"Hak-dong (Line 7, 32m)",paid,161.99,,en:listed;ja:listed;ko:listed;zh:mentioned,60,mon 11:00-19:30; tue 11:00-19:30; wed 11:00-19:30; thu 11:00-19:30; fri 11:00-19:30; sat 11:00-19:30; sun 11:00-19:30,,,brow_tattoo:high:5-7d;lip_tattoo:high:5-7d;eyeliner_tattoo:low:2-4d,high,7,,5.0,36,True,,https://creatrip.com/en/spot/14822
14830,Personal Color Analysis | Color Lover,personal_color,,CHANGE,Seoul,Seongsudong,37.540282,127.055102,서울 성동구 성수이로 51 1차 1302호,"Seongsu (Line 2, 489m)",paid,71.42,,en:listed;ja:listed;ko:listed;zh:listed,60,mon 10:00-21:00; tue 10:00-21:00; wed 10:00-21:00; thu 10:00-21:00; fri 10:00-21:00; sat 10:00-21:00; sun 10:00-21:00,,face,personal_color:none:0-0d;makeup:none:0-0d,none,0,,5.0,120,True,,https://creatrip.com/en/spot/14830
14841,Dakyo Nail Seongsu Branch,nail_art,,CHANGE,Seoul,Seongsudong,37.542663,127.059681,서울 성동구 연무장15길 11 B동 3F,"Seongsu (Line 2, 392m)",paid,16.23,,en:listed;ko:listed,60,"mon 11:00-13:00,14:00-21:00; tue 11:00-13:00,14:00-21:00; wed 11:00-13:00,14:00-21:00; thu 11:00-13:00,14:00-21:00; fri 11:00-13:00,14:00-21:00; sat 11:00-13:00,14:00-21:00; sun 11:00-13:00,14:00-21:00",,,nail:none:0-0d,none,0,,4.9,16,True,,https://creatrip.com/en/spot/14841
14844,AKNACK TOOL Cheongdam Branch,makeup,hair_salon,CHANGE,Seoul,Gangnam,37.519883,127.048438,서울 강남구 삼성로135길 11 2F,"Cheongdam (Line 7, 313m)",deposit,,169.84,en:mentioned;ko:listed,60,mon 10:00-19:00; tue 10:00-19:00; wed 10:00-19:00; thu 10:00-19:00; fri 10:00-19:00; sat 10:00-19:00; sun 10:00-19:00,,face,hair_cut_style:none:0-0d;makeup:none:0-0d,none,0,,4.9,78,True,price_min_usd,https://creatrip.com/en/spot/14844
14852,Vivid Hue Personal Color & Body Type Analysis,personal_color,,CHANGE,Seoul,Hongdae,37.556292,126.926667,서울 마포구 와우산로29길 66 2F,"Hongik Univ. (Line 2, 271m)",paid,95.72,,en:listed;ja:listed;ko:listed;zh:listed,60,mon 09:00-20:00; tue 09:00-20:00; wed 09:00-20:00; thu 09:00-20:00; fri 09:00-20:00; sat 09:00-20:00; sun 09:00-20:00,,,personal_color:none:0-0d,none,0,,5.0,764,True,,https://creatrip.com/en/spot/14852
14876,COCOREA | Makeup & Personal Color Analysis,personal_color,makeup,CHANGE,Seoul,Myeongdong,37.562751,126.983905,서울 중구 명동4길 21 1F,"Euljiro 1(il)-ga (Line 2, 380m)",paid,33.87,,en:listed;ja:mentioned;ko:listed,90,mon 09:00-21:00; tue 09:00-21:00; wed 09:00-21:00; thu 09:00-21:00; fri 09:00-21:00; sat 09:00-21:00; sun 09:00-21:00,,face;skin,soothing:none:0-0d;makeup:none:0-0d;personal_color:none:0-0d;photo:none:0-0d,none,0,,4.9,114,True,,https://creatrip.com/en/spot/14876
14884,ECO JARDIN Gyeongbokgung Branch | Complete Hair & Makeup Makeover Studio,hair_salon,makeup,CHANGE,Seoul,Jongro,37.576923,126.972142,서울 종로구 자하문로 9 3F,"Gyeongbokgung (Line 3, 174m)",deposit,,101.16,en:listed;ko:listed;zh:mentioned,,mon 10:00-20:00; tue 10:00-20:00; wed 10:00-20:00; thu 10:00-20:00; fri 10:00-20:00; sat 10:00-20:00; sun 10:00-20:00,,face,makeup:none:0-0d;personal_color:none:0-0d;hair_cut_style:none:0-0d;massage:none:0-0d,none,0,,4.9,3063,True,price_min_usd;duration_min,https://creatrip.com/en/spot/14884
14914,Hatha Yoga Class | Songpanaru Station Branch,yoga_wellness,,RESTORE,Seoul,Songpa,37.507939,127.110263,서울 송파구 백제고분로 411 5F,"Songpanaru (Line 9, 315m)",paid,24.37,,en:listed;ko:listed,,mon closed; tue closed; wed closed; thu 13:30-15:30; fri closed; sat 13:30-15:30; sun closed,mon;tue;wed;fri;sun,,yoga_wellness:none:0-0d,none,0,,4.9,14,True,duration_min,https://creatrip.com/en/spot/14914
14915,SEREN BEAUT Seolleung Branch | Eyelash Perm & Semi-Permanent Makeup,permanent_makeup,,CHANGE,Seoul,Gangnam,37.503773,127.052544,서울 강남구 선릉로86길 34 6F,"Seolleung (Suin·Bundang Line, 327m)",paid,36.92,,en:mentioned;ja:mentioned;ko:listed;zh:mentioned,70,mon 11:00-19:00; tue 11:00-19:00; wed 11:00-19:00; thu 11:00-19:00; fri 11:00-19:00; sat closed; sun closed,sat;sun,face;skin,brow_tattoo:high:5-7d;eyeliner_tattoo:low:2-4d;lip_tattoo:high:5-7d;hair_cut_style:none:0-0d;lash_lift:none:0-1d;soothing:none:0-0d,high,7,,4.9,10,True,,https://creatrip.com/en/spot/14915
14926,The Ritual Room Hongdae Branch | Sugar Waxing & Lash Perm,permanent_makeup,,CHANGE,Seoul,Hongdae,37.553529,126.922295,서울 마포구 어울마당로 96 507호,"Hongik Univ. (Line 2, 377m)",paid,36.84,,en:listed;ko:listed,60,mon 10:00-22:00; tue 10:00-22:00; wed 10:00-22:00; thu 10:00-22:00; fri 10:00-22:00; sat 10:00-22:00; sun closed,sun,face,waxing:low:0-1d;hair_cut_style:none:0-0d;lash_lift:none:0-1d;brow_tattoo:high:5-7d;lip_tattoo:high:5-7d,high,7,,4.9,56,True,,https://creatrip.com/en/spot/14926
14927,The Ritual Room Gangnam Branch | Sugar Waxing & Lash Perm,permanent_makeup,,CHANGE,Seoul,Gangnam,37.501256,127.027082,서울 강남구 테헤란로1길 44 403호,"Gangnam (Line 2, 369m)",paid,22.15,,en:mentioned;ko:listed,60,mon 10:00-17:00; tue 10:00-17:00; wed 10:00-17:00; thu 10:00-17:00; fri 15:00-18:00; sat 10:00-17:00; sun 10:00-17:00,,face;skin,hair_cut_style:none:0-0d;lash_lift:none:0-1d;soothing:none:0-0d;brow_tattoo:high:5-7d;lip_tattoo:high:5-7d,high,7,,4.7,10,True,,https://creatrip.com/en/spot/14927
14955,"Fleur Jardin Myeongdong Branch | Skincare, Nail Art, Foot Spa",nail_art,massage,CHANGE,Seoul,Myeongdong,37.563562,126.98575,서울 중구 명동10길 7-9 2F,"Myeong-dong (Line 4, 356m)",paid,29.54,,en:listed;ko:listed,60,mon 10:00-20:00; tue 10:00-20:00; wed 10:00-20:00; thu 10:00-20:00; fri 10:00-20:00; sat 10:00-20:00; sun 10:00-20:00,,skin,nail:none:0-0d;soothing:none:0-0d;massage:none:0-0d;laser_toning:none:0-1d;peel:none:0-1d,none,1,,5.0,640,True,,https://creatrip.com/en/spot/14955
14983,Private Bath & Body Scrub Salon (for both men & women) | SLICK,body_scrub,,RESTORE,Seoul,Eunpyeong,37.600767,126.922956,서울 은평구 은평로 137 B호,"Yeokchon (Line 6, 588m)",paid,36.9,,en:listed;ko:listed,,mon 09:00-22:00; tue 09:00-22:00; wed 09:00-22:00; thu 09:00-22:00; fri 09:00-22:00; sat 09:00-22:00; sun 09:00-22:00,,,body_scrub:none:0-0d,none,0,,4.7,14,True,duration_min,https://creatrip.com/en/spot/14983
15009,COLORIZE Myeongdong Main Branch | Personal Color Analysis,personal_color,,CHANGE,Seoul,Myeongdong,37.561666,126.987652,서울 중구 퇴계로 141-10 세종호텔 별관 1층,"Myeong-dong (Line 4, 144m)",paid,92.04,,en:listed;ja:listed;ko:listed;zh:listed,50,mon 10:00-22:00; tue 10:00-22:00; wed 10:00-22:00; thu 10:00-22:00; fri 10:00-22:00; sat 10:00-22:00; sun 10:00-22:00,,face,personal_color:none:0-0d;makeup:none:0-0d,none,0,,5.0,201,True,,https://creatrip.com/en/spot/15009
15023,Women-only Private Bath & Body Scrub | ONA,body_scrub,,RESTORE,Seoul,Myeongdong,37.56221,126.984018,서울 중구 명동4길 31 B1F,"Myeong-dong (Line 4, 396m)",paid,36.9,,en:listed;ja:listed;ko:listed,,mon 09:00-23:55; tue 09:00-23:55; wed 09:00-23:55; thu 09:00-23:55; fri 09:00-23:55; sat 09:00-23:55; sun 09:00-23:55,,,body_scrub:none:0-0d,none,0,,4.9,179,True,duration_min,https://creatrip.com/en/spot/15023
15035,WARM N COOL Personal Color Analysis | Gangnam Main Branch,personal_color,makeup,CHANGE,Seoul,Seocho,37.50395,127.021782,서울 서초구 사평대로 353 2F 205호,"Sinnonhyeon (Line 9, 331m)",paid,125.18,,en:listed;ko:listed;zh:listed,,mon 10:00-20:30; tue 10:00-20:30; wed 10:00-20:30; thu 10:00-20:30; fri 10:00-20:30; sat 10:00-20:30; sun 10:00-20:30,,face,personal_color:none:0-0d;makeup:none:0-0d,none,0,,5.0,282,True,duration_min,https://creatrip.com/en/spot/15035
15053,Miyu Makeup,makeup,,CHANGE,Seoul,Hongdae,37.557938,126.918113,서울 마포구 월드컵북로 41 2F,"Hongik Univ. (Line 2, 505m)",paid,59.07,,en:mentioned;ko:listed,75,mon 08:00-19:00; tue 08:00-19:00; wed 08:00-19:00; thu 08:00-19:00; fri 08:00-19:00; sat 08:00-19:00; sun 08:00-19:00,,face,makeup:none:0-0d;personal_color:none:0-0d,none,0,,4.9,333,True,,https://creatrip.com/en/spot/15053
15130,THE SEOL:HA Hanok Spa | Organic Vegan Head Spa & Private Korean Body Scrub in Hongdae,massage,hair_salon,RESTORE,Seoul,Hongdae,37.556395,126.918248,서울특별시 마포구 서교동 448-31,"Hongik Univ. (Line 2, 477m)",paid,22.09,,en:listed;ja:listed;ko:listed;zh:listed,100,mon 09:00-21:00; tue 09:00-21:00; wed 09:00-21:00; thu 09:00-21:00; fri 09:00-21:00; sat 09:00-21:00; sun 09:00-21:00,,skin,hair_cut_style:none:0-0d;body_scrub:none:0-0d;soothing:none:0-0d;massage:none:0-0d;laser_toning:none:0-1d,none,1,,4.9,187,True,,https://creatrip.com/en/spot/15130
15135,COREMUSEUMS | Gangnam Pilates,yoga_wellness,,RESTORE,Seoul,Gangnam,37.508988,127.052672,서울 강남구 봉은사로68길 55,"Samseong Jungang (Line 9, 457m)",paid,40.61,,en:listed;ko:listed,45,"mon 07:00-14:00,17:00-22:00; tue 09:00-16:00,17:00-22:00; wed 07:00-14:00,17:00-22:00; thu 09:00-16:00,17:00-22:00; fri 07:00-14:00,17:00-22:00; sat 10:00-13:00; sun closed",sun,,yoga_wellness:none:0-0d,none,0,,5.0,18,True,,https://creatrip.com/en/spot/15135
15197,DayBeau Clinic Myeongdong The Luxe | Solo VIP Room | Book and receive 10 free sheet masks,dermatology,,FIX,Seoul,Myeongdong,37.56509,126.98292,서울 중구 남대문로 90 명동 N빌딩 6층 데이뷰의원 명동더프리미엄점,"Euljiro 1(il)-ga (Line 2, 106m)",deposit,,7.36,en:listed;ja:listed;ko:listed;vi:listed;zh:listed,,mon 10:00-20:00; tue 10:00-20:00; wed 10:00-20:00; thu 10:00-20:00; fri 10:00-20:00; sat 10:00-20:00; sun 10:00-20:00,,face;skin,botox:none:0-1d;filler:low:1-3d;hifu:none:0-1d;rf_lifting:none:0-1d;skin_booster:low:1-3d;microneedle:low:2-4d;soothing:none:0-0d;waxing:low:0-1d,low,4,,4.9,324,True,price_min_usd;duration_min,https://creatrip.com/en/spot/15197
15220,✨Creatrip Only✨ Sanho Mansion,photo_studio,,PHOTO,Seoul,Jongro,37.569165,126.995233,서울 종로구 청계천로 159 662호,"Jongno 3(sam)-ga (Line 1, 565m)",paid,51.54,,en:mentioned;ja:mentioned;ko:listed,30,"mon 11:00-15:00,16:00-20:00; tue 11:00-15:00,16:00-20:00; wed 11:00-15:00,16:00-20:00; thu 11:00-15:00,16:00-20:00; fri 11:00-15:00,16:00-20:00; sat 11:00-15:00,16:00-20:00; sun 11:00-15:00,16:00-20:00",,,photo:none:0-0d,none,0,dermatology;hair_salon;personal_color,4.7,19,True,,https://creatrip.com/en/spot/15220
15224,SMB Wellness Busan | Yoga & Tea Ceremony Wellness Program,yoga_wellness,,RESTORE,Busan,Gijang,35.258882,129.243045,부산 기장군 일광읍 학리등대로 34,,paid,36.9,,en:listed;ja:listed;ko:listed;mn:mentioned;ru:mentioned,40,mon 10:00-19:00; tue 10:00-19:00; wed 10:00-19:00; thu 10:00-19:00; fri 10:00-19:00; sat 10:00-19:00; sun 10:00-19:00,,,massage:none:0-0d;yoga_wellness:none:0-0d,none,0,,5.0,126,True,,https://creatrip.com/en/spot/15224
15239,Women-only Private Bath & Body Scrub | ONA 2nd Branch,body_scrub,,RESTORE,Seoul,Myeongdong,37.56152,126.985409,서울 중구 명동8가길 6 3F,"Myeong-dong (Line 4, Nonem)",paid,36.9,,en:listed;ja:listed;ko:listed,,mon 09:00-23:55; tue 09:00-23:55; wed 09:00-23:55; thu 09:00-23:55; fri 09:00-23:55; sat 09:00-23:55; sun 09:00-23:55,,,body_scrub:none:0-0d,none,0,,4.3,12,True,duration_min,https://creatrip.com/en/spot/15239
15245,Koho Nail | Gangnam COEX Mall,nail_art,,CHANGE,Seoul,Gangnam,37.509789,127.056966,"서울 강남구 테헤란로83길 36, 5F","Samseong Jungang (Line 9, 485m)",deposit,,22.15,en:listed;ko:listed,60,mon 11:00-20:30; tue 11:00-20:30; wed 11:00-20:30; thu 11:00-20:30; fri 11:00-20:30; sat 11:00-18:00; sun closed,sun,,nail:none:0-0d,none,0,,4.4,18,True,price_min_usd,https://creatrip.com/en/spot/15245
15274,Daybeau Myeongdong Signature Branch | Book and receive 10 free sheet masks,dermatology,,FIX,Seoul,Myeongdong,37.564681,126.982841,서울 중구 남대문로 84,,free_reservation,,,en:listed;ja:listed;ko:listed;vi:listed;zh:listed,,mon 10:00-20:00; tue 10:00-20:00; wed 10:00-20:00; thu 10:00-20:00; fri 10:00-20:00; sat 10:00-19:00; sun 10:00-19:00,,face;skin,botox:none:0-1d;hifu:none:0-1d;rf_lifting:none:0-1d;volume_booster:low:1-3d;skin_booster:low:1-3d;microneedle:low:2-4d;soothing:none:0-0d,low,4,,4.9,152,True,price_min_usd;duration_min,https://creatrip.com/en/spot/15274
15383,DOES Studio Hongdae | Celebrity-Favorite Personal Color Analysis in Seoul,personal_color,,CHANGE,Seoul,Mapo,37.549439,126.91034,서울 마포구 포은로2가길 65 2F,"Hapjeong (Line 2, 286m)",paid,195.86,,en:listed;ja:listed;ko:listed;zh:listed,90,mon closed; tue 10:00-20:00; wed 10:00-20:00; thu 10:00-20:00; fri 10:00-20:00; sat 10:00-20:00; sun 10:00-20:00,mon,face;skin,hair_cut_style:none:0-0d;makeup:none:0-0d;personal_color:none:0-0d;soothing:none:0-0d;photo:none:0-0d,none,0,,5.0,49,True,,https://creatrip.com/en/spot/15383
15465,BYSOMM Gangnam Main Branch | A premium semi-permanent studio offering personal design,permanent_makeup,,CHANGE,Seoul,Gangnam,37.518611,127.0241,"서울 강남구 도산대로15길 6, 401호","Sinsa (Line 3, 417m)",paid,39.03,,en:mentioned;ja:mentioned;ko:listed,120,mon closed; tue 12:00-22:00; wed 12:00-22:00; thu 12:00-22:00; fri 12:00-22:00; sat 12:00-21:00; sun 12:00-21:00,mon,,lip_tattoo:high:5-7d;brow_tattoo:high:5-7d,high,7,,5.0,14,True,,https://creatrip.com/en/spot/15465
15473,CCLIME Seongsu Branch | Premium Face Contouring Care,massage,,RESTORE,Seoul,Seongdong,37.543132,127.05241,"서울 성동구 연무장길 28-8, 4F","Seongsu (Line 2, 356m)",paid,147.58,,en:mentioned;ko:listed,70,mon 10:00-21:00; tue 10:00-21:00; wed 10:00-21:00; thu 10:00-21:00; fri 10:00-21:00; sat 10:00-21:00; sun 10:00-21:00,,skin,soothing:none:0-0d;massage:none:0-0d,none,0,,5.0,3,True,,https://creatrip.com/en/spot/15473
15480,CCLIME Gangnam HQ Branch | Premium Face Contouring Care,massage,,RESTORE,Seoul,Gangnam,37.511971,127.041002,서울 강남구 선릉로115길 24,"Seonjeongneung (Suin·Bundang Line, 312m)",paid,147.58,,en:mentioned;ko:listed,70,mon 10:00-21:00; tue 10:00-21:00; wed 10:00-21:00; thu 10:00-21:00; fri 10:00-21:00; sat 10:00-21:00; sun 10:00-21:00,,,massage:none:0-0d,none,0,,4.7,15,True,,https://creatrip.com/en/spot/15480
15502,JJ Beauty Lab Myeongdong | Seoul Semi-Permanent Makeup & Eyebrow Specialist,permanent_makeup,,CHANGE,Seoul,Myeongdong,37.560491,126.983734,"서울 중구 퇴계로 108 13F, 1304-1호","Hoehyeon (Line 4, 378m)",paid,136.51,,en:listed;ja:mentioned;ko:listed;zh:listed,70,mon 11:00-21:00; tue 11:00-21:00; wed 11:00-21:00; thu 11:00-21:00; fri 11:00-21:00; sat 11:00-19:00; sun closed,sun,face;skin,brow_tattoo:high:5-7d;makeup:none:0-0d;laser_toning:none:0-1d;eyeliner_tattoo:low:2-4d;lip_tattoo:high:5-7d;scalp_tattoo:low:2-4d,high,7,,5.0,62,True,,https://creatrip.com/en/spot/15502
15539,Healing with Light École Busan | Gwangalli Meditation Experience,yoga_wellness,,RESTORE,Busan,Suyeong,35.146011,129.113539,부산 수영구 광남로48번길 29 3F 빛으로 힐링 에콜,,paid,25.83,,en:mentioned;ko:listed,,mon 10:00-21:00; tue 10:00-21:00; wed 10:00-21:00; thu 10:00-21:00; fri 10:00-21:00; sat 10:00-21:00; sun 10:00-21:00,,,yoga_wellness:none:0-0d,none,0,,,0,True,duration_min;rating,https://creatrip.com/en/spot/15539
15542,bebrow Hongdae | Eyebrow & Eyelash Specialty Shop,permanent_makeup,,CHANGE,Seoul,Hongdae,37.54878,126.92455,"서울 마포구 독막로19길 30-7, 102호","Sangsu (Line 6, 187m)",paid,29.45,,en:listed;ko:listed,,mon 10:00-20:00; tue 10:00-20:00; wed 10:00-20:00; thu 10:00-20:00; fri 10:00-20:00; sat 10:00-20:00; sun 13:00-20:00,,face,hair_cut_style:none:0-0d;lash_lift:none:0-1d;brow_tattoo:high:5-7d;eyeliner_tattoo:low:2-4d,high,7,,5.0,3,True,duration_min,https://creatrip.com/en/spot/15542
15554,Habour  Yoga Busan | Private Wellness Experience,yoga_wellness,,RESTORE,Busan,Suyeong,35.258882,129.243045,부산 수영구 광남로 129 2F,,paid,66.41,,en:listed;ko:listed,90,mon 07:00-22:00; tue 07:00-22:00; wed 07:00-22:00; thu 07:00-22:00; fri 07:00-22:00; sat 07:00-22:00; sun 07:00-22:00,,,yoga_wellness:none:0-0d,none,0,,,0,True,rating,https://creatrip.com/en/spot/15554
15558,Hill Spa | Ocean View Jjimjilbang & Sauna in Busan,sauna,,RESTORE,Busan,Haeundae,35.158291,129.175404,부산 해운대구 달맞이길117번길 11,,paid,11.04,,en:mentioned;ko:listed,240,mon 00:00-24:00; tue 00:00-24:00; wed 00:00-24:00; thu 00:00-24:00; fri 00:00-24:00; sat 00:00-24:00; sun 00:00-24:00,,,body_scrub:none:0-0d;massage:none:0-0d,none,0,,5.0,15,True,,https://creatrip.com/en/spot/15558
15615,"ECOJARDIN Hongdae | Personal Color, Makeup & Head Spa",makeup,hair_salon,CHANGE,Seoul,Hongdae,37.557186,126.92762,서울특별시 마포구 신촌로4길 11,"Hongik Univ. (Line 2, 354m)",deposit,,101.16,en:listed;ja:listed;ko:listed,,mon 10:00-20:00; tue 10:00-20:00; wed 10:00-20:00; thu 10:00-20:00; fri 10:00-20:00; sat 10:00-20:00; sun 10:00-20:00,,face,makeup:none:0-0d;personal_color:none:0-0d;hair_cut_style:none:0-0d,none,0,,4.9,4372,True,price_min_usd;duration_min,https://creatrip.com/en/spot/15615
15617,Dongdaemun Body Scrub | Women-only Private Bath & Body Scrub ONA Dongdaemun,body_scrub,,RESTORE,Seoul,Dongdaemun,37.564794,127.00689,서울 중구 장충단로 223 지하1층,"Dongdaemun History  Culture Park (Line 2, 138m)",paid,36.91,,en:listed;ja:listed;ko:listed,,mon 09:00-23:55; tue 09:00-23:55; wed 09:00-23:55; thu 09:00-23:55; fri 09:00-23:55; sat 09:00-23:55; sun 09:00-23:55,,,body_scrub:none:0-0d,none,0,,4.9,211,True,duration_min,https://creatrip.com/en/spot/15617
15729,Sola Spa | Myeongdong Foot Bath · Body Scrub · Head Spa & Skin Care,massage,,RESTORE,Seoul,Myeongdong,37.559897,126.983832,"서울 중구 퇴계로14길 15, 1~2F","Euljiro 1(il)-ga (Line 2, Nonem)",paid,10.6,,en:listed;ja:listed;ko:listed;zh:listed,40,mon 09:00-23:00; tue 09:00-23:00; wed 09:00-23:00; thu 09:00-23:00; fri 09:00-23:00; sat 09:00-23:00; sun 09:00-23:00,,skin,massage:none:0-0d;body_scrub:none:0-0d;hair_cut_style:none:0-0d;soothing:none:0-0d,none,0,,4.8,260,True,,https://creatrip.com/en/spot/15729
15750,Dr.FORHAIR Care Lab Gangnam | 1:1 Scalp Diagnosis & Personalized Head Spa Care,massage,hair_salon,RESTORE,Seoul,Gangnam,37.504761,127.026418,서울특별시 강남구 봉은사로 116 은성빌딩 1F,"Sinnonhyeon (Line 9, 92m)",paid,33.13,,en:listed;ko:listed,30,mon 10:00-22:00; tue 10:00-22:00; wed 10:00-22:00; thu 10:00-22:00; fri 10:00-22:00; sat 10:00-18:00; sun closed,sun,,hair_cut_style:none:0-0d;massage:none:0-0d,none,0,,5.0,46,True,,https://creatrip.com/en/spot/15750
15761,"Myeongdong Hana Mud Korean Sauna, Body Scrub & Massage Spa for Women in Seoul",sauna,,RESTORE,Seoul,Myeongdong,37.565941,126.992181,"서울특별시 중구 을지로14길 7, 지하 1층","Euljiro 3(sam)-ga (Line 2, 55m)",paid,58.91,,en:listed;ja:listed,80,mon 09:00-22:00; tue 09:00-22:00; wed 09:00-22:00; thu 09:00-22:00; fri 09:00-22:00; sat 09:00-22:00; sun 09:00-22:00,,skin,soothing:none:0-0d;sauna:none:0-0d;body_scrub:none:0-0d;massage:none:0-0d;peel:none:0-1d,none,1,,4.7,1,True,,https://creatrip.com/en/spot/15761
15781,Enzyme Forest | Trendy Enzyme Heat Therapy & Wellness Experience,sauna,massage,RESTORE,Seoul,Gangdong,37.53456,127.142679,서울특별시 강동구 명일로 208 201호,"Gangdong (Line 5, 909m)",paid,36.92,,en:mentioned;ja:mentioned;ko:listed;zh:mentioned,60,mon 10:00-19:00; tue 10:00-19:00; wed 10:00-19:00; thu 10:00-19:00; fri 10:00-19:00; sat 10:00-18:00; sun 10:00-18:00,,,sauna:none:0-0d,none,0,,4.8,1,True,,https://creatrip.com/en/spot/15781
15793,Incheonjotang | Wellness Spa Jjimjilbang Near Incheon Airport,sauna,,RESTORE,Incheon,Yeongjongdo,37.444156,126.404587,인천 영종구 용유서로 30,,paid,10.34,,en:listed;ko:listed;zh:mentioned,720,mon 07:00-23:00; tue 07:00-23:00; wed 07:00-23:00; thu 07:00-23:00; fri 07:00-23:00; sat 07:00-23:00; sun 07:00-23:00,,,sauna:none:0-0d,none,0,,,0,True,rating,https://creatrip.com/en/spot/15793
15816,"REVL Training Gangnam | HYROX, HIIT Group Training Experience",yoga_wellness,,RESTORE,Seoul,Gangnam,37.5126,127.050786,"서울특별시 강남구 봉은사로 469, B1","Samseong Jungang (Line 9, 230m)",paid,25.84,,en:listed;ko:listed,,mon 06:30-21:30; tue 06:30-21:30; wed 06:30-21:30; thu 06:30-21:30; fri 06:30-21:30; sat 09:30-13:00; sun closed,sun,,yoga_wellness:none:0-0d,none,0,,,0,True,duration_min;rating,https://creatrip.com/en/spot/15816
